"department_name","department_url"
"AFRAM","https://myplan.uw.edu/course/#/courses?campus=seattle&isSectionSearch=true&qs=AFRAM"
"AES","https://myplan.uw.edu/course/#/courses?campus=seattle&isSectionSearch=true&qs=AES"
"AAS","https://myplan.uw.edu/course/#/courses?campus=seattle&isSectionSearch=true&qs=AAS"
"CHSTU","https://myplan.uw.edu/course/#/courses?campus=seattle&isSectionSearch=true&qs=CHSTU"
"SWA","https://myplan.uw.edu/course/#/courses?campus=seattle&isSectionSearch=true&qs=SWA"
"TAGLG","https://myplan.uw.edu/course/#/courses?campus=seattle&isSectionSearch=true&qs=TAGLG"
"AIS","https://myplan.uw.edu/course/#/courses?campus=seattle&isSectionSearch=true&qs=AIS"
"ANTH","https://myplan.uw.edu/course/#/courses?campus=seattle&isSectionSearch=true&qs=ANTH"
"ARCHY","https://myplan.uw.edu/course/#/courses?campus=seattle&isSectionSearch=true&qs=ARCHY"
"BIO A","https://myplan.uw.edu/course/#/courses?campus=seattle&isSectionSearch=true&qs=BIO%20A"
"AMATH","https://myplan.uw.edu/course/#/courses?campus=seattle&isSectionSearch=true&qs=AMATH"
"CFRM","https://myplan.uw.edu/course/#/courses?campus=seattle&isSectionSearch=true&qs=CFRM"
"ART","https://myplan.uw.edu/course/#/courses?campus=seattle&isSectionSearch=true&qs=ART"
"ART H","https://myplan.uw.edu/course/#/courses?campus=seattle&isSectionSearch=true&qs=ART%20H"
"DESIGN","https://myplan.uw.edu/course/#/courses?campus=seattle&isSectionSearch=true&qs=DESIGN"
"ARTSCI","https://myplan.uw.edu/course/#/courses?campus=seattle&isSectionSearch=true&qs=ARTSCI"
"ARTS","https://myplan.uw.edu/course/#/courses?campus=seattle&isSectionSearch=true&qs=ARTS"
"LIT","https://myplan.uw.edu/course/#/courses?campus=seattle&isSectionSearch=true&qs=LIT"
"ASIAN","https://myplan.uw.edu/course/#/courses?campus=seattle&isSectionSearch=true&qs=ASIAN"
"BENG","https://myplan.uw.edu/course/#/courses?campus=seattle&isSectionSearch=true&qs=BENG"
"CHIN","https://myplan.uw.edu/course/#/courses?campus=seattle&isSectionSearch=true&qs=CHIN"
"HINDI","https://myplan.uw.edu/course/#/courses?campus=seattle&isSectionSearch=true&qs=HINDI"
"INDN","https://myplan.uw.edu/course/#/courses?campus=seattle&isSectionSearch=true&qs=INDN"
"INDO","https://myplan.uw.edu/course/#/courses?campus=seattle&isSectionSearch=true&qs=INDO"
"JAPAN","https://myplan.uw.edu/course/#/courses?campus=seattle&isSectionSearch=true&qs=JAPAN"
"KOREAN","https://myplan.uw.edu/course/#/courses?campus=seattle&isSectionSearch=true&qs=KOREAN"
"SNKRT","https://myplan.uw.edu/course/#/courses?campus=seattle&isSectionSearch=true&qs=SNKRT"
"URDU","https://myplan.uw.edu/course/#/courses?campus=seattle&isSectionSearch=true&qs=URDU"
"VIET","https://myplan.uw.edu/course/#/courses?campus=seattle&isSectionSearch=true&qs=VIET"
"ASTBIO","https://myplan.uw.edu/course/#/courses?campus=seattle&isSectionSearch=true&qs=ASTBIO"
"ASTR","https://myplan.uw.edu/course/#/courses?campus=seattle&isSectionSearch=true&qs=ASTR"
"BIOL","https://myplan.uw.edu/course/#/courses?campus=seattle&isSectionSearch=true&qs=BIOL"
"CS&SS","https://myplan.uw.edu/course/#/courses?campus=seattle&isSectionSearch=true&qs=CS%26SS"
"CHEM","https://myplan.uw.edu/course/#/courses?campus=seattle&isSectionSearch=true&qs=CHEM"
"CMS","https://myplan.uw.edu/course/#/courses?campus=seattle&isSectionSearch=true&qs=CMS"
"C LIT","https://myplan.uw.edu/course/#/courses?campus=seattle&isSectionSearch=true&qs=C%20LIT"
"CL AR","https://myplan.uw.edu/course/#/courses?campus=seattle&isSectionSearch=true&qs=CL%20AR"
"CL LI","https://myplan.uw.edu/course/#/courses?campus=seattle&isSectionSearch=true&qs=CL%20LI"
"CLAS","https://myplan.uw.edu/course/#/courses?campus=seattle&isSectionSearch=true&qs=CLAS"
"GREEK","https://myplan.uw.edu/course/#/courses?campus=seattle&isSectionSearch=true&qs=GREEK"
"LATIN","https://myplan.uw.edu/course/#/courses?campus=seattle&isSectionSearch=true&qs=LATIN"
"COM","https://myplan.uw.edu/course/#/courses?campus=seattle&isSectionSearch=true&qs=COM"
"COMMLD","https://myplan.uw.edu/course/#/courses?campus=seattle&isSectionSearch=true&qs=COMMLD"
"CHID","https://myplan.uw.edu/course/#/courses?campus=seattle&isSectionSearch=true&qs=CHID"
"CSDE","https://myplan.uw.edu/course/#/courses?campus=seattle&isSectionSearch=true&qs=CSDE"
"DANCE","https://myplan.uw.edu/course/#/courses?campus=seattle&isSectionSearch=true&qs=DANCE"
"DXARTS","https://myplan.uw.edu/course/#/courses?campus=seattle&isSectionSearch=true&qs=DXARTS"
"DIS ST","https://myplan.uw.edu/course/#/courses?campus=seattle&isSectionSearch=true&qs=DIS%20ST"
"DRAMA","https://myplan.uw.edu/course/#/courses?campus=seattle&isSectionSearch=true&qs=DRAMA"
"ECON","https://myplan.uw.edu/course/#/courses?campus=seattle&isSectionSearch=true&qs=ECON"
"ENGL","https://myplan.uw.edu/course/#/courses?campus=seattle&isSectionSearch=true&qs=ENGL"
"FRENCH","https://myplan.uw.edu/course/#/courses?campus=seattle&isSectionSearch=true&qs=FRENCH"
"ITAL","https://myplan.uw.edu/course/#/courses?campus=seattle&isSectionSearch=true&qs=ITAL"
"GWSS","https://myplan.uw.edu/course/#/courses?campus=seattle&isSectionSearch=true&qs=GWSS"
"GEN ST","https://myplan.uw.edu/course/#/courses?campus=seattle&isSectionSearch=true&qs=GEN%20ST"
"INDIV","https://myplan.uw.edu/course/#/courses?campus=seattle&isSectionSearch=true&qs=INDIV"
"GEOG","https://myplan.uw.edu/course/#/courses?campus=seattle&isSectionSearch=true&qs=GEOG"
"GERMAN","https://myplan.uw.edu/course/#/courses?campus=seattle&isSectionSearch=true&qs=GERMAN"
"HSTAM","https://myplan.uw.edu/course/#/courses?campus=seattle&isSectionSearch=true&qs=HSTAM"
"HSTCMP","https://myplan.uw.edu/course/#/courses?campus=seattle&isSectionSearch=true&qs=HSTCMP"
"HSTRY","https://myplan.uw.edu/course/#/courses?campus=seattle&isSectionSearch=true&qs=HSTRY"
"HSTAFM","https://myplan.uw.edu/course/#/courses?campus=seattle&isSectionSearch=true&qs=HSTAFM"
"HSTAS","https://myplan.uw.edu/course/#/courses?campus=seattle&isSectionSearch=true&qs=HSTAS"
"HSTLAC","https://myplan.uw.edu/course/#/courses?campus=seattle&isSectionSearch=true&qs=HSTLAC"
"HSTEU","https://myplan.uw.edu/course/#/courses?campus=seattle&isSectionSearch=true&qs=HSTEU"
"HSTAA","https://myplan.uw.edu/course/#/courses?campus=seattle&isSectionSearch=true&qs=HSTAA"
"HUM","https://myplan.uw.edu/course/#/courses?campus=seattle&isSectionSearch=true&qs=HUM"
"INTSCI","https://myplan.uw.edu/course/#/courses?campus=seattle&isSectionSearch=true&qs=INTSCI"
"ISS","https://myplan.uw.edu/course/#/courses?campus=seattle&isSectionSearch=true&qs=ISS"
"ARCTIC","https://myplan.uw.edu/course/#/courses?campus=seattle&isSectionSearch=true&qs=ARCTIC"
"RELIG","https://myplan.uw.edu/course/#/courses?campus=seattle&isSectionSearch=true&qs=RELIG"
"JSIS D","https://myplan.uw.edu/course/#/courses?campus=seattle&isSectionSearch=true&qs=JSIS%20D"
"JEW ST","https://myplan.uw.edu/course/#/courses?campus=seattle&isSectionSearch=true&qs=JEW%20ST"
"JSIS A","https://myplan.uw.edu/course/#/courses?campus=seattle&isSectionSearch=true&qs=JSIS%20A"
"JSIS","https://myplan.uw.edu/course/#/courses?campus=seattle&isSectionSearch=true&qs=JSIS"
"JSIS B","https://myplan.uw.edu/course/#/courses?campus=seattle&isSectionSearch=true&qs=JSIS%20B"
"JSIS E","https://myplan.uw.edu/course/#/courses?campus=seattle&isSectionSearch=true&qs=JSIS%20E"
"LSJ","https://myplan.uw.edu/course/#/courses?campus=seattle&isSectionSearch=true&qs=LSJ"
"ASL","https://myplan.uw.edu/course/#/courses?campus=seattle&isSectionSearch=true&qs=ASL"
"LING","https://myplan.uw.edu/course/#/courses?campus=seattle&isSectionSearch=true&qs=LING"
"MATH","https://myplan.uw.edu/course/#/courses?campus=seattle&isSectionSearch=true&qs=MATH"
"MUSAP","https://myplan.uw.edu/course/#/courses?campus=seattle&isSectionSearch=true&qs=MUSAP"
"MUSIC","https://myplan.uw.edu/course/#/courses?campus=seattle&isSectionSearch=true&qs=MUSIC"
"MUSED","https://myplan.uw.edu/course/#/courses?campus=seattle&isSectionSearch=true&qs=MUSED"
"MUSEN","https://myplan.uw.edu/course/#/courses?campus=seattle&isSectionSearch=true&qs=MUSEN"
"MUHST","https://myplan.uw.edu/course/#/courses?campus=seattle&isSectionSearch=true&qs=MUHST"
"MUSICP","https://myplan.uw.edu/course/#/courses?campus=seattle&isSectionSearch=true&qs=MUSICP"
"ARAB","https://myplan.uw.edu/course/#/courses?campus=seattle&isSectionSearch=true&qs=ARAB"
"ARAMIC","https://myplan.uw.edu/course/#/courses?campus=seattle&isSectionSearch=true&qs=ARAMIC"
"BIBHEB","https://myplan.uw.edu/course/#/courses?campus=seattle&isSectionSearch=true&qs=BIBHEB"
"CHGTAI","https://myplan.uw.edu/course/#/courses?campus=seattle&isSectionSearch=true&qs=CHGTAI"
"COPTIC","https://myplan.uw.edu/course/#/courses?campus=seattle&isSectionSearch=true&qs=COPTIC"
"EGYPT","https://myplan.uw.edu/course/#/courses?campus=seattle&isSectionSearch=true&qs=EGYPT"
"GEEZ","https://myplan.uw.edu/course/#/courses?campus=seattle&isSectionSearch=true&qs=GEEZ"
"KAZAKH","https://myplan.uw.edu/course/#/courses?campus=seattle&isSectionSearch=true&qs=KAZAKH"
"KYRGYZ","https://myplan.uw.edu/course/#/courses?campus=seattle&isSectionSearch=true&qs=KYRGYZ"
"MODHEB","https://myplan.uw.edu/course/#/courses?campus=seattle&isSectionSearch=true&qs=MODHEB"
"NEAR E","https://myplan.uw.edu/course/#/courses?campus=seattle&isSectionSearch=true&qs=NEAR%20E"
"PRSAN","https://myplan.uw.edu/course/#/courses?campus=seattle&isSectionSearch=true&qs=PRSAN"
"TURKIC","https://myplan.uw.edu/course/#/courses?campus=seattle&isSectionSearch=true&qs=TURKIC"
"TKISH","https://myplan.uw.edu/course/#/courses?campus=seattle&isSectionSearch=true&qs=TKISH"
"UGARIT","https://myplan.uw.edu/course/#/courses?campus=seattle&isSectionSearch=true&qs=UGARIT"
"UYGUR","https://myplan.uw.edu/course/#/courses?campus=seattle&isSectionSearch=true&qs=UYGUR"
"UZBEK","https://myplan.uw.edu/course/#/courses?campus=seattle&isSectionSearch=true&qs=UZBEK"
"NEUSCI","https://myplan.uw.edu/course/#/courses?campus=seattle&isSectionSearch=true&qs=NEUSCI"
"ETHICS","https://myplan.uw.edu/course/#/courses?campus=seattle&isSectionSearch=true&qs=ETHICS"
"HPS","https://myplan.uw.edu/course/#/courses?campus=seattle&isSectionSearch=true&qs=HPS"
"PHIL","https://myplan.uw.edu/course/#/courses?campus=seattle&isSectionSearch=true&qs=PHIL"
"PHYS","https://myplan.uw.edu/course/#/courses?campus=seattle&isSectionSearch=true&qs=PHYS"
"POL S","https://myplan.uw.edu/course/#/courses?campus=seattle&isSectionSearch=true&qs=POL%20S"
"PSYCAP","https://myplan.uw.edu/course/#/courses?campus=seattle&isSectionSearch=true&qs=PSYCAP"
"PSYCLN","https://myplan.uw.edu/course/#/courses?campus=seattle&isSectionSearch=true&qs=PSYCLN"
"PSYCH","https://myplan.uw.edu/course/#/courses?campus=seattle&isSectionSearch=true&qs=PSYCH"
"DANISH","https://myplan.uw.edu/course/#/courses?campus=seattle&isSectionSearch=true&qs=DANISH"
"ESTO","https://myplan.uw.edu/course/#/courses?campus=seattle&isSectionSearch=true&qs=ESTO"
"FINN","https://myplan.uw.edu/course/#/courses?campus=seattle&isSectionSearch=true&qs=FINN"
"ICEL","https://myplan.uw.edu/course/#/courses?campus=seattle&isSectionSearch=true&qs=ICEL"
"LATV","https://myplan.uw.edu/course/#/courses?campus=seattle&isSectionSearch=true&qs=LATV"
"LITH","https://myplan.uw.edu/course/#/courses?campus=seattle&isSectionSearch=true&qs=LITH"
"NORW","https://myplan.uw.edu/course/#/courses?campus=seattle&isSectionSearch=true&qs=NORW"
"SCAND","https://myplan.uw.edu/course/#/courses?campus=seattle&isSectionSearch=true&qs=SCAND"
"SWED","https://myplan.uw.edu/course/#/courses?campus=seattle&isSectionSearch=true&qs=SWED"
"BCMS","https://myplan.uw.edu/course/#/courses?campus=seattle&isSectionSearch=true&qs=BCMS"
"BULGR","https://myplan.uw.edu/course/#/courses?campus=seattle&isSectionSearch=true&qs=BULGR"
"CZECH","https://myplan.uw.edu/course/#/courses?campus=seattle&isSectionSearch=true&qs=CZECH"
"POLSH","https://myplan.uw.edu/course/#/courses?campus=seattle&isSectionSearch=true&qs=POLSH"
"ROMN","https://myplan.uw.edu/course/#/courses?campus=seattle&isSectionSearch=true&qs=ROMN"
"RUSS","https://myplan.uw.edu/course/#/courses?campus=seattle&isSectionSearch=true&qs=RUSS"
"SLAVIC","https://myplan.uw.edu/course/#/courses?campus=seattle&isSectionSearch=true&qs=SLAVIC"
"SLVN","https://myplan.uw.edu/course/#/courses?campus=seattle&isSectionSearch=true&qs=SLVN"
"UKR","https://myplan.uw.edu/course/#/courses?campus=seattle&isSectionSearch=true&qs=UKR"
"SOC","https://myplan.uw.edu/course/#/courses?campus=seattle&isSectionSearch=true&qs=SOC"
"PORT","https://myplan.uw.edu/course/#/courses?campus=seattle&isSectionSearch=true&qs=PORT"
"SPAN","https://myplan.uw.edu/course/#/courses?campus=seattle&isSectionSearch=true&qs=SPAN"
"SPLING","https://myplan.uw.edu/course/#/courses?campus=seattle&isSectionSearch=true&qs=SPLING"
"SPHSC","https://myplan.uw.edu/course/#/courses?campus=seattle&isSectionSearch=true&qs=SPHSC"
"STAT","https://myplan.uw.edu/course/#/courses?campus=seattle&isSectionSearch=true&qs=STAT"
"ARCH","https://myplan.uw.edu/course/#/courses?campus=seattle&isSectionSearch=true&qs=ARCH"
"B E","https://myplan.uw.edu/course/#/courses?campus=seattle&isSectionSearch=true&qs=B%20E"
"CM","https://myplan.uw.edu/course/#/courses?campus=seattle&isSectionSearch=true&qs=CM"
"L ARCH","https://myplan.uw.edu/course/#/courses?campus=seattle&isSectionSearch=true&qs=L%20ARCH"
"R E","https://myplan.uw.edu/course/#/courses?campus=seattle&isSectionSearch=true&qs=R%20E"
"CEP","https://myplan.uw.edu/course/#/courses?campus=seattle&isSectionSearch=true&qs=CEP"
"IPM","https://myplan.uw.edu/course/#/courses?campus=seattle&isSectionSearch=true&qs=IPM"
"URBDP","https://myplan.uw.edu/course/#/courses?campus=seattle&isSectionSearch=true&qs=URBDP"
"ACCTG","https://myplan.uw.edu/course/#/courses?campus=seattle&isSectionSearch=true&qs=ACCTG"
"ADMIN","https://myplan.uw.edu/course/#/courses?campus=seattle&isSectionSearch=true&qs=ADMIN"
"BA RM","https://myplan.uw.edu/course/#/courses?campus=seattle&isSectionSearch=true&qs=BA%20RM"
"B A","https://myplan.uw.edu/course/#/courses?campus=seattle&isSectionSearch=true&qs=B%20A"
"BUS AN","https://myplan.uw.edu/course/#/courses?campus=seattle&isSectionSearch=true&qs=BUS%20AN"
"B CMU","https://myplan.uw.edu/course/#/courses?campus=seattle&isSectionSearch=true&qs=B%20CMU"
"B ECON","https://myplan.uw.edu/course/#/courses?campus=seattle&isSectionSearch=true&qs=B%20ECON"
"ENTRE","https://myplan.uw.edu/course/#/courses?campus=seattle&isSectionSearch=true&qs=ENTRE"
"EMBA","https://myplan.uw.edu/course/#/courses?campus=seattle&isSectionSearch=true&qs=EMBA"
"FIN","https://myplan.uw.edu/course/#/courses?campus=seattle&isSectionSearch=true&qs=FIN"
"I S","https://myplan.uw.edu/course/#/courses?campus=seattle&isSectionSearch=true&qs=I%20S"
"I BUS","https://myplan.uw.edu/course/#/courses?campus=seattle&isSectionSearch=true&qs=I%20BUS"
"MSIS","https://myplan.uw.edu/course/#/courses?campus=seattle&isSectionSearch=true&qs=MSIS"
"MGMT","https://myplan.uw.edu/course/#/courses?campus=seattle&isSectionSearch=true&qs=MGMT"
"MKTG","https://myplan.uw.edu/course/#/courses?campus=seattle&isSectionSearch=true&qs=MKTG"
"OPMGT","https://myplan.uw.edu/course/#/courses?campus=seattle&isSectionSearch=true&qs=OPMGT"
"QMETH","https://myplan.uw.edu/course/#/courses?campus=seattle&isSectionSearch=true&qs=QMETH"
"SCM","https://myplan.uw.edu/course/#/courses?campus=seattle&isSectionSearch=true&qs=SCM"
"TMMBA","https://myplan.uw.edu/course/#/courses?campus=seattle&isSectionSearch=true&qs=TMMBA"
"DENTCL","https://myplan.uw.edu/course/#/courses?campus=seattle&isSectionSearch=true&qs=DENTCL"
"DENTEL","https://myplan.uw.edu/course/#/courses?campus=seattle&isSectionSearch=true&qs=DENTEL"
"DENTFN","https://myplan.uw.edu/course/#/courses?campus=seattle&isSectionSearch=true&qs=DENTFN"
"DENTGP","https://myplan.uw.edu/course/#/courses?campus=seattle&isSectionSearch=true&qs=DENTGP"
"DENTPC","https://myplan.uw.edu/course/#/courses?campus=seattle&isSectionSearch=true&qs=DENTPC"
"DENTSL","https://myplan.uw.edu/course/#/courses?campus=seattle&isSectionSearch=true&qs=DENTSL"
"DENT","https://myplan.uw.edu/course/#/courses?campus=seattle&isSectionSearch=true&qs=DENT"
"ENDO","https://myplan.uw.edu/course/#/courses?campus=seattle&isSectionSearch=true&qs=ENDO"
"D HYG","https://myplan.uw.edu/course/#/courses?campus=seattle&isSectionSearch=true&qs=D%20HYG"
"DPHS","https://myplan.uw.edu/course/#/courses?campus=seattle&isSectionSearch=true&qs=DPHS"
"ORALB","https://myplan.uw.edu/course/#/courses?campus=seattle&isSectionSearch=true&qs=ORALB"
"OHS","https://myplan.uw.edu/course/#/courses?campus=seattle&isSectionSearch=true&qs=OHS"
"ORALM","https://myplan.uw.edu/course/#/courses?campus=seattle&isSectionSearch=true&qs=ORALM"
"O S","https://myplan.uw.edu/course/#/courses?campus=seattle&isSectionSearch=true&qs=O%20S"
"ORTHO","https://myplan.uw.edu/course/#/courses?campus=seattle&isSectionSearch=true&qs=ORTHO"
"PEDO","https://myplan.uw.edu/course/#/courses?campus=seattle&isSectionSearch=true&qs=PEDO"
"PERIO","https://myplan.uw.edu/course/#/courses?campus=seattle&isSectionSearch=true&qs=PERIO"
"PROS","https://myplan.uw.edu/course/#/courses?campus=seattle&isSectionSearch=true&qs=PROS"
"RES D","https://myplan.uw.edu/course/#/courses?campus=seattle&isSectionSearch=true&qs=RES%20D"
"EDC&I","https://myplan.uw.edu/course/#/courses?campus=seattle&isSectionSearch=true&qs=EDC%26I"
"ECE","https://myplan.uw.edu/course/#/courses?campus=seattle&isSectionSearch=true&qs=ECE"
"ECFS","https://myplan.uw.edu/course/#/courses?campus=seattle&isSectionSearch=true&qs=ECFS"
"EDUC","https://myplan.uw.edu/course/#/courses?campus=seattle&isSectionSearch=true&qs=EDUC"
"EDTEP","https://myplan.uw.edu/course/#/courses?campus=seattle&isSectionSearch=true&qs=EDTEP"
"EDLPS","https://myplan.uw.edu/course/#/courses?campus=seattle&isSectionSearch=true&qs=EDLPS"
"EDPSY","https://myplan.uw.edu/course/#/courses?campus=seattle&isSectionSearch=true&qs=EDPSY"
"EDSPE","https://myplan.uw.edu/course/#/courses?campus=seattle&isSectionSearch=true&qs=EDSPE"
"A A","https://myplan.uw.edu/course/#/courses?campus=seattle&isSectionSearch=true&qs=A%20A"
"A E","https://myplan.uw.edu/course/#/courses?campus=seattle&isSectionSearch=true&qs=A%20E"
"BIOEN","https://myplan.uw.edu/course/#/courses?campus=seattle&isSectionSearch=true&qs=BIOEN"
"PHARBE","https://myplan.uw.edu/course/#/courses?campus=seattle&isSectionSearch=true&qs=PHARBE"
"CHEM E","https://myplan.uw.edu/course/#/courses?campus=seattle&isSectionSearch=true&qs=CHEM%20E"
"NME","https://myplan.uw.edu/course/#/courses?campus=seattle&isSectionSearch=true&qs=NME"
"CEE","https://myplan.uw.edu/course/#/courses?campus=seattle&isSectionSearch=true&qs=CEE"
"CESI","https://myplan.uw.edu/course/#/courses?campus=seattle&isSectionSearch=true&qs=CESI"
"CEWA","https://myplan.uw.edu/course/#/courses?campus=seattle&isSectionSearch=true&qs=CEWA"
"CESG","https://myplan.uw.edu/course/#/courses?campus=seattle&isSectionSearch=true&qs=CESG"
"SCTL","https://myplan.uw.edu/course/#/courses?campus=seattle&isSectionSearch=true&qs=SCTL"
"CET","https://myplan.uw.edu/course/#/courses?campus=seattle&isSectionSearch=true&qs=CET"
"CSE M","https://myplan.uw.edu/course/#/courses?campus=seattle&isSectionSearch=true&qs=CSE%20M"
"CSE P","https://myplan.uw.edu/course/#/courses?campus=seattle&isSectionSearch=true&qs=CSE%20P"
"CSE D","https://myplan.uw.edu/course/#/courses?campus=seattle&isSectionSearch=true&qs=CSE%20D"
"CSE","https://myplan.uw.edu/course/#/courses?campus=seattle&isSectionSearch=true&qs=CSE"
"E E","https://myplan.uw.edu/course/#/courses?campus=seattle&isSectionSearch=true&qs=E%20E"
"EE P","https://myplan.uw.edu/course/#/courses?campus=seattle&isSectionSearch=true&qs=EE%20P"
"ENGR","https://myplan.uw.edu/course/#/courses?campus=seattle&isSectionSearch=true&qs=ENGR"
"HCDE","https://myplan.uw.edu/course/#/courses?campus=seattle&isSectionSearch=true&qs=HCDE"
"IND E","https://myplan.uw.edu/course/#/courses?campus=seattle&isSectionSearch=true&qs=IND%20E"
"MSE","https://myplan.uw.edu/course/#/courses?campus=seattle&isSectionSearch=true&qs=MSE"
"M E","https://myplan.uw.edu/course/#/courses?campus=seattle&isSectionSearch=true&qs=M%20E"
"ATM S","https://myplan.uw.edu/course/#/courses?campus=seattle&isSectionSearch=true&qs=ATM%20S"
"QERM","https://myplan.uw.edu/course/#/courses?campus=seattle&isSectionSearch=true&qs=QERM"
"Q SCI","https://myplan.uw.edu/course/#/courses?campus=seattle&isSectionSearch=true&qs=Q%20SCI"
"ESS","https://myplan.uw.edu/course/#/courses?campus=seattle&isSectionSearch=true&qs=ESS"
"C ENV","https://myplan.uw.edu/course/#/courses?campus=seattle&isSectionSearch=true&qs=C%20ENV"
"QUAT","https://myplan.uw.edu/course/#/courses?campus=seattle&isSectionSearch=true&qs=QUAT"
"BSE","https://myplan.uw.edu/course/#/courses?campus=seattle&isSectionSearch=true&qs=BSE"
"ESRM","https://myplan.uw.edu/course/#/courses?campus=seattle&isSectionSearch=true&qs=ESRM"
"SEFS","https://myplan.uw.edu/course/#/courses?campus=seattle&isSectionSearch=true&qs=SEFS"
"FISH","https://myplan.uw.edu/course/#/courses?campus=seattle&isSectionSearch=true&qs=FISH"
"FHL","https://myplan.uw.edu/course/#/courses?campus=seattle&isSectionSearch=true&qs=FHL"
"SMEA","https://myplan.uw.edu/course/#/courses?campus=seattle&isSectionSearch=true&qs=SMEA"
"MARBIO","https://myplan.uw.edu/course/#/courses?campus=seattle&isSectionSearch=true&qs=MARBIO"
"OCEAN","https://myplan.uw.edu/course/#/courses?campus=seattle&isSectionSearch=true&qs=OCEAN"
"ENVIR","https://myplan.uw.edu/course/#/courses?campus=seattle&isSectionSearch=true&qs=ENVIR"
"SCI T","https://myplan.uw.edu/course/#/courses?campus=seattle&isSectionSearch=true&qs=SCI%20T"
"HONORS","https://myplan.uw.edu/course/#/courses?campus=seattle&isSectionSearch=true&qs=HONORS"
"INFO","https://myplan.uw.edu/course/#/courses?campus=seattle&isSectionSearch=true&qs=INFO"
"IMT","https://myplan.uw.edu/course/#/courses?campus=seattle&isSectionSearch=true&qs=IMT"
"INSC","https://myplan.uw.edu/course/#/courses?campus=seattle&isSectionSearch=true&qs=INSC"
"ITA","https://myplan.uw.edu/course/#/courses?campus=seattle&isSectionSearch=true&qs=ITA"
"LIS","https://myplan.uw.edu/course/#/courses?campus=seattle&isSectionSearch=true&qs=LIS"
"BPSD","https://myplan.uw.edu/course/#/courses?campus=seattle&isSectionSearch=true&qs=BPSD"
"DATA","https://myplan.uw.edu/course/#/courses?campus=seattle&isSectionSearch=true&qs=DATA"
"GRDSCH","https://myplan.uw.edu/course/#/courses?campus=seattle&isSectionSearch=true&qs=GRDSCH"
"HDD","https://myplan.uw.edu/course/#/courses?campus=seattle&isSectionSearch=true&qs=HDD"
"HCID","https://myplan.uw.edu/course/#/courses?campus=seattle&isSectionSearch=true&qs=HCID"
"IPHD","https://myplan.uw.edu/course/#/courses?campus=seattle&isSectionSearch=true&qs=IPHD"
"MCB","https://myplan.uw.edu/course/#/courses?campus=seattle&isSectionSearch=true&qs=MCB"
"MOLENG","https://myplan.uw.edu/course/#/courses?campus=seattle&isSectionSearch=true&qs=MOLENG"
"MUSEUM","https://myplan.uw.edu/course/#/courses?campus=seattle&isSectionSearch=true&qs=MUSEUM"
"N&MES","https://myplan.uw.edu/course/#/courses?campus=seattle&isSectionSearch=true&qs=N%26MES"
"NEUBEH","https://myplan.uw.edu/course/#/courses?campus=seattle&isSectionSearch=true&qs=NEUBEH"
"NEURO","https://myplan.uw.edu/course/#/courses?campus=seattle&isSectionSearch=true&qs=NEURO"
"PUBSCH","https://myplan.uw.edu/course/#/courses?campus=seattle&isSectionSearch=true&qs=PUBSCH"
"STSS","https://myplan.uw.edu/course/#/courses?campus=seattle&isSectionSearch=true&qs=STSS"
"TECHIN","https://myplan.uw.edu/course/#/courses?campus=seattle&isSectionSearch=true&qs=TECHIN"
"ACADEM","https://myplan.uw.edu/course/#/courses?campus=seattle&isSectionSearch=true&qs=ACADEM"
"BIOEN","https://myplan.uw.edu/course/#/courses?campus=seattle&isSectionSearch=true&qs=BIOEN"
"PHARBE","https://myplan.uw.edu/course/#/courses?campus=seattle&isSectionSearch=true&qs=PHARBE"
"G H","https://myplan.uw.edu/course/#/courses?campus=seattle&isSectionSearch=true&qs=G%20H"
"UCONJ","https://myplan.uw.edu/course/#/courses?campus=seattle&isSectionSearch=true&qs=UCONJ"
"LAW","https://myplan.uw.edu/course/#/courses?campus=seattle&isSectionSearch=true&qs=LAW"
"LAW H","https://myplan.uw.edu/course/#/courses?campus=seattle&isSectionSearch=true&qs=LAW%20H"
"LAW P","https://myplan.uw.edu/course/#/courses?campus=seattle&isSectionSearch=true&qs=LAW%20P"
"LAW T","https://myplan.uw.edu/course/#/courses?campus=seattle&isSectionSearch=true&qs=LAW%20T"
"LAW A","https://myplan.uw.edu/course/#/courses?campus=seattle&isSectionSearch=true&qs=LAW%20A"
"LAW B","https://myplan.uw.edu/course/#/courses?campus=seattle&isSectionSearch=true&qs=LAW%20B"
"LAW C","https://myplan.uw.edu/course/#/courses?campus=seattle&isSectionSearch=true&qs=LAW%20C"
"LAW E","https://myplan.uw.edu/course/#/courses?campus=seattle&isSectionSearch=true&qs=LAW%20E"
"LEAD","https://myplan.uw.edu/course/#/courses?campus=seattle&isSectionSearch=true&qs=LEAD"
"ANEST","https://myplan.uw.edu/course/#/courses?campus=seattle&isSectionSearch=true&qs=ANEST"
"BIOC","https://myplan.uw.edu/course/#/courses?campus=seattle&isSectionSearch=true&qs=BIOC"
"BIOEN","https://myplan.uw.edu/course/#/courses?campus=seattle&isSectionSearch=true&qs=BIOEN"
"PHARBE","https://myplan.uw.edu/course/#/courses?campus=seattle&isSectionSearch=true&qs=PHARBE"
"B H","https://myplan.uw.edu/course/#/courses?campus=seattle&isSectionSearch=true&qs=B%20H"
"B STR","https://myplan.uw.edu/course/#/courses?campus=seattle&isSectionSearch=true&qs=B%20STR"
"BIME","https://myplan.uw.edu/course/#/courses?campus=seattle&isSectionSearch=true&qs=BIME"
"C MED","https://myplan.uw.edu/course/#/courses?campus=seattle&isSectionSearch=true&qs=C%20MED"
"GCNSL","https://myplan.uw.edu/course/#/courses?campus=seattle&isSectionSearch=true&qs=GCNSL"
"MED","https://myplan.uw.edu/course/#/courses?campus=seattle&isSectionSearch=true&qs=MED"
"MEDRCK","https://myplan.uw.edu/course/#/courses?campus=seattle&isSectionSearch=true&qs=MEDRCK"
"MEDECK","https://myplan.uw.edu/course/#/courses?campus=seattle&isSectionSearch=true&qs=MEDECK"
"MED EM","https://myplan.uw.edu/course/#/courses?campus=seattle&isSectionSearch=true&qs=MED%20EM"
"FAMED","https://myplan.uw.edu/course/#/courses?campus=seattle&isSectionSearch=true&qs=FAMED"
"MEDEX","https://myplan.uw.edu/course/#/courses?campus=seattle&isSectionSearch=true&qs=MEDEX"
"GENOME","https://myplan.uw.edu/course/#/courses?campus=seattle&isSectionSearch=true&qs=GENOME"
"G H","https://myplan.uw.edu/course/#/courses?campus=seattle&isSectionSearch=true&qs=G%20H"
"HMS","https://myplan.uw.edu/course/#/courses?campus=seattle&isSectionSearch=true&qs=HMS"
"CONJ","https://myplan.uw.edu/course/#/courses?campus=seattle&isSectionSearch=true&qs=CONJ"
"HUBIO","https://myplan.uw.edu/course/#/courses?campus=seattle&isSectionSearch=true&qs=HUBIO"
"MEDSCI","https://myplan.uw.edu/course/#/courses?campus=seattle&isSectionSearch=true&qs=MEDSCI"
"IMMUN","https://myplan.uw.edu/course/#/courses?campus=seattle&isSectionSearch=true&qs=IMMUN"
"LAB M","https://myplan.uw.edu/course/#/courses?campus=seattle&isSectionSearch=true&qs=LAB%20M"
"MOLMED","https://myplan.uw.edu/course/#/courses?campus=seattle&isSectionSearch=true&qs=MOLMED"
"PATH","https://myplan.uw.edu/course/#/courses?campus=seattle&isSectionSearch=true&qs=PATH"
"MICROM","https://myplan.uw.edu/course/#/courses?campus=seattle&isSectionSearch=true&qs=MICROM"
"NEUR S","https://myplan.uw.edu/course/#/courses?campus=seattle&isSectionSearch=true&qs=NEUR%20S"
"NEURL","https://myplan.uw.edu/course/#/courses?campus=seattle&isSectionSearch=true&qs=NEURL"
"OB GYN","https://myplan.uw.edu/course/#/courses?campus=seattle&isSectionSearch=true&qs=OB%20GYN"
"OPHTH","https://myplan.uw.edu/course/#/courses?campus=seattle&isSectionSearch=true&qs=OPHTH"
"ORTHP","https://myplan.uw.edu/course/#/courses?campus=seattle&isSectionSearch=true&qs=ORTHP"
"OTOHN","https://myplan.uw.edu/course/#/courses?campus=seattle&isSectionSearch=true&qs=OTOHN"
"PEDS","https://myplan.uw.edu/course/#/courses?campus=seattle&isSectionSearch=true&qs=PEDS"
"PHCOL","https://myplan.uw.edu/course/#/courses?campus=seattle&isSectionSearch=true&qs=PHCOL"
"P BIO","https://myplan.uw.edu/course/#/courses?campus=seattle&isSectionSearch=true&qs=P%20BIO"
"PBSCI","https://myplan.uw.edu/course/#/courses?campus=seattle&isSectionSearch=true&qs=PBSCI"
"R ONC","https://myplan.uw.edu/course/#/courses?campus=seattle&isSectionSearch=true&qs=R%20ONC"
"RADGY","https://myplan.uw.edu/course/#/courses?campus=seattle&isSectionSearch=true&qs=RADGY"
"RHB PO","https://myplan.uw.edu/course/#/courses?campus=seattle&isSectionSearch=true&qs=RHB%20PO"
"REHAB","https://myplan.uw.edu/course/#/courses?campus=seattle&isSectionSearch=true&qs=REHAB"
"SURG","https://myplan.uw.edu/course/#/courses?campus=seattle&isSectionSearch=true&qs=SURG"
"UROL","https://myplan.uw.edu/course/#/courses?campus=seattle&isSectionSearch=true&qs=UROL"
"IECMH","https://myplan.uw.edu/course/#/courses?campus=seattle&isSectionSearch=true&qs=IECMH"
"NSG","https://myplan.uw.edu/course/#/courses?campus=seattle&isSectionSearch=true&qs=NSG"
"NURS","https://myplan.uw.edu/course/#/courses?campus=seattle&isSectionSearch=true&qs=NURS"
"NCLIN","https://myplan.uw.edu/course/#/courses?campus=seattle&isSectionSearch=true&qs=NCLIN"
"NMETH","https://myplan.uw.edu/course/#/courses?campus=seattle&isSectionSearch=true&qs=NMETH"
"MEDCH","https://myplan.uw.edu/course/#/courses?campus=seattle&isSectionSearch=true&qs=MEDCH"
"PCEUT","https://myplan.uw.edu/course/#/courses?campus=seattle&isSectionSearch=true&qs=PCEUT"
"PHARM","https://myplan.uw.edu/course/#/courses?campus=seattle&isSectionSearch=true&qs=PHARM"
"PHRMCY","https://myplan.uw.edu/course/#/courses?campus=seattle&isSectionSearch=true&qs=PHRMCY"
"PHARMP","https://myplan.uw.edu/course/#/courses?campus=seattle&isSectionSearch=true&qs=PHARMP"
"PHRMPR","https://myplan.uw.edu/course/#/courses?campus=seattle&isSectionSearch=true&qs=PHRMPR"
"PHRMRA","https://myplan.uw.edu/course/#/courses?campus=seattle&isSectionSearch=true&qs=PHRMRA"
"A S","https://myplan.uw.edu/course/#/courses?campus=seattle&isSectionSearch=true&qs=A%20S"
"M SCI","https://myplan.uw.edu/course/#/courses?campus=seattle&isSectionSearch=true&qs=M%20SCI"
"N SCI","https://myplan.uw.edu/course/#/courses?campus=seattle&isSectionSearch=true&qs=N%20SCI"
"BIOST","https://myplan.uw.edu/course/#/courses?campus=seattle&isSectionSearch=true&qs=BIOST"
"ENV H","https://myplan.uw.edu/course/#/courses?campus=seattle&isSectionSearch=true&qs=ENV%20H"
"EPI","https://myplan.uw.edu/course/#/courses?campus=seattle&isSectionSearch=true&qs=EPI"
"G H","https://myplan.uw.edu/course/#/courses?campus=seattle&isSectionSearch=true&qs=G%20H"
"HSERV","https://myplan.uw.edu/course/#/courses?campus=seattle&isSectionSearch=true&qs=HSERV"
"HSMGMT","https://myplan.uw.edu/course/#/courses?campus=seattle&isSectionSearch=true&qs=HSMGMT"
"PABIO","https://myplan.uw.edu/course/#/courses?campus=seattle&isSectionSearch=true&qs=PABIO"
"HIHIM","https://myplan.uw.edu/course/#/courses?campus=seattle&isSectionSearch=true&qs=HIHIM"
"NUTR","https://myplan.uw.edu/course/#/courses?campus=seattle&isSectionSearch=true&qs=NUTR"
"PHG","https://myplan.uw.edu/course/#/courses?campus=seattle&isSectionSearch=true&qs=PHG"
"PHI","https://myplan.uw.edu/course/#/courses?campus=seattle&isSectionSearch=true&qs=PHI"
"SPH","https://myplan.uw.edu/course/#/courses?campus=seattle&isSectionSearch=true&qs=SPH"
"PA EX","https://myplan.uw.edu/course/#/courses?campus=seattle&isSectionSearch=true&qs=PA%20EX"
"PUBPOL","https://myplan.uw.edu/course/#/courses?campus=seattle&isSectionSearch=true&qs=PUBPOL"
"PPM","https://myplan.uw.edu/course/#/courses?campus=seattle&isSectionSearch=true&qs=PPM"
"SOC WL","https://myplan.uw.edu/course/#/courses?campus=seattle&isSectionSearch=true&qs=SOC%20WL"
"SOC WF","https://myplan.uw.edu/course/#/courses?campus=seattle&isSectionSearch=true&qs=SOC%20WF"
"SOC W","https://myplan.uw.edu/course/#/courses?campus=seattle&isSectionSearch=true&qs=SOC%20W"